{"cameraMode":{"drawMode":0,"name":"Shaded","section":"Shading Mode"},"sceneLighting":true,"audioPlay":false,"sceneViewState":{"m_AlwaysRefresh":false,"showFog":true,"showSkybox":true,"showFlares":true,"showImageEffects":true,"showParticleSystems":true,"showVisualEffectGraphs":true,"m_FxEnabled":true},"in2DMode":false,"pivot":{"x":842.2708740234375,"y":479.5206298828125,"z":19.99810791015625},"rotation":{"x":0.025491615757346154,"y":-0.020991623401641847,"z":0.0005353998276405036,"w":0.9994556307792664},"size":488.0035705566406,"orthographic":false}